{"Mean":{"confidence_interval":{"confidence_level":0.95,"lower_bound":-0.006655189134380608,"upper_bound":0.057143474875742374},"point_estimate":0.02314540557611844,"standard_error":0.016363584597377183},"Median":{"confidence_interval":{"confidence_level":0.95,"lower_bound":-0.012563435597571893,"upper_bound":0.06816953963350847},"point_estimate":0.030274777760320948,"standard_error":0.021078019959375253}}