{"Mean":{"confidence_interval":{"confidence_level":0.95,"lower_bound":3564291.7336017294,"upper_bound":3738939.1517403955},"point_estimate":3647182.7972346623,"standard_error":44633.11326211311},"Median":{"confidence_interval":{"confidence_level":0.95,"lower_bound":3481024.1408450706,"upper_bound":3688434.3809523806},"point_estimate":3581187.9917582413,"standard_error":52137.28753024705},"MedianAbsDev":{"confidence_interval":{"confidence_level":0.95,"lower_bound":315298.48084778764,"upper_bound":497598.76405767445},"point_estimate":415766.6057245012,"standard_error":46424.09673523959},"Slope":{"confidence_interval":{"confidence_level":0.95,"lower_bound":3542077.736074025,"upper_bound":3679319.899600239},"point_estimate":3610702.6795537164,"standard_error":34905.59799722878},"StdDev":{"confidence_interval":{"confidence_level":0.95,"lower_bound":326242.5789326201,"upper_bound":572209.0702355246},"point_estimate":446884.73886980553,"standard_error":64316.97587795967}}